,Loan_ID,ApplicantIncome,CoapplicantIncome,LoanAmount,Loan_Amount_Term,Credit_History,Loan_Status,Gender_Imputed,Married_Imputed,Dependents_Imputed,Education_Imputed,Self_Employed_Imputed,Property_Area_Imputed
0,LP001002,5849,0.0,146.41216216216216,360.0,1.0,Y,1,0,0,0,0,2
1,LP001003,4583,1508.0,128.0,360.0,1.0,N,1,1,1,0,0,0
2,LP001005,3000,0.0,66.0,360.0,1.0,Y,1,1,0,0,1,2
3,LP001006,2583,2358.0,120.0,360.0,1.0,Y,1,1,0,1,0,2
4,LP001008,6000,0.0,141.0,360.0,1.0,Y,1,0,0,0,0,2
5,LP001011,5417,4196.0,267.0,360.0,1.0,Y,1,1,2,0,1,2
6,LP001013,2333,1516.0,95.0,360.0,1.0,Y,1,1,0,1,0,2
7,LP001014,3036,2504.0,158.0,360.0,0.0,N,1,1,3,0,0,1
8,LP001018,4006,1526.0,168.0,360.0,1.0,Y,1,1,2,0,0,2
9,LP001020,12841,10968.0,349.0,360.0,1.0,N,1,1,1,0,0,1
10,LP001024,3200,700.0,70.0,360.0,1.0,Y,1,1,2,0,0,2
11,LP001027,2500,1840.0,109.0,360.0,1.0,Y,1,1,2,0,0,2
12,LP001028,3073,8106.0,200.0,360.0,1.0,Y,1,1,2,0,0,2
13,LP001029,1853,2840.0,114.0,360.0,1.0,N,1,0,0,0,0,0
14,LP001030,1299,1086.0,17.0,120.0,1.0,Y,1,1,2,0,0,2
15,LP001032,4950,0.0,125.0,360.0,1.0,Y,1,0,0,0,0,2
16,LP001034,3596,0.0,100.0,240.0,0.8421985815602837,Y,1,0,1,1,0,2
17,LP001036,3510,0.0,76.0,360.0,0.0,N,0,0,0,0,0,2
18,LP001038,4887,0.0,133.0,360.0,1.0,N,1,1,0,1,0,0
19,LP001041,2600,3500.0,115.0,342.0,1.0,Y,1,1,0,0,0,2
20,LP001043,7660,0.0,104.0,360.0,0.0,N,1,1,0,1,0,2
21,LP001046,5955,5625.0,315.0,360.0,1.0,Y,1,1,1,0,0,2
22,LP001047,2600,1911.0,116.0,360.0,0.0,N,1,1,0,1,0,1
23,LP001050,3365,1917.0,112.0,360.0,0.0,N,1,1,2,1,0,0
24,LP001052,3717,2925.0,151.0,360.0,0.8421985815602837,N,1,1,1,0,0,1
25,LP001066,9560,0.0,191.0,360.0,1.0,Y,1,1,0,0,1,1
26,LP001068,2799,2253.0,122.0,360.0,1.0,Y,1,1,0,0,0,1
27,LP001073,4226,1040.0,110.0,360.0,1.0,Y,1,1,2,1,0,2
28,LP001086,1442,0.0,35.0,360.0,1.0,N,1,0,0,1,0,2
29,LP001087,3750,2083.0,120.0,360.0,1.0,Y,0,0,2,0,0,1
30,LP001091,4166,3369.0,201.0,360.0,0.8421985815602837,N,1,1,1,0,0,2
31,LP001095,3167,0.0,74.0,360.0,1.0,N,1,0,0,0,0,2
32,LP001097,4692,0.0,106.0,360.0,1.0,N,1,0,1,0,1,0
33,LP001098,3500,1667.0,114.0,360.0,1.0,Y,1,1,0,0,0,1
34,LP001100,12500,3000.0,320.0,360.0,1.0,N,1,0,3,0,0,0
35,LP001106,2275,2067.0,146.41216216216216,360.0,1.0,Y,1,1,0,0,0,2
36,LP001109,1828,1330.0,100.0,342.0,0.0,N,1,1,0,0,0,2
37,LP001112,3667,1459.0,144.0,360.0,1.0,Y,0,1,0,0,0,1
38,LP001114,4166,7210.0,184.0,360.0,1.0,Y,1,0,0,0,0,2
39,LP001116,3748,1668.0,110.0,360.0,1.0,Y,1,0,0,1,0,1
40,LP001119,3600,0.0,80.0,360.0,1.0,N,1,0,0,0,0,2
41,LP001120,1800,1213.0,47.0,360.0,1.0,Y,1,0,0,0,0,2
42,LP001123,2400,0.0,75.0,360.0,0.8421985815602837,Y,1,1,0,0,0,2
43,LP001131,3941,2336.0,134.0,360.0,1.0,Y,1,1,0,0,0,1
44,LP001136,4695,0.0,96.0,342.0,1.0,Y,1,1,0,1,1,2
45,LP001137,3410,0.0,88.0,342.0,1.0,Y,0,0,0,0,0,2
46,LP001138,5649,0.0,44.0,360.0,1.0,Y,1,1,1,0,0,2
47,LP001144,5821,0.0,144.0,360.0,1.0,Y,1,1,0,0,0,2
48,LP001146,2645,3440.0,120.0,360.0,0.0,N,0,1,0,0,0,2
49,LP001151,4000,2275.0,144.0,360.0,1.0,Y,0,0,0,0,0,1
50,LP001155,1928,1644.0,100.0,360.0,1.0,Y,0,1,0,1,0,1
51,LP001157,3086,0.0,120.0,360.0,1.0,Y,0,0,0,0,0,1
52,LP001164,4230,0.0,112.0,360.0,1.0,N,0,0,0,0,0,1
53,LP001179,4616,0.0,134.0,360.0,1.0,N,1,1,2,0,0,2
54,LP001186,11500,0.0,286.0,360.0,0.0,N,0,1,1,0,1,2
55,LP001194,2708,1167.0,97.0,360.0,1.0,Y,1,1,2,0,0,1
56,LP001195,2132,1591.0,96.0,360.0,1.0,Y,1,1,0,0,0,1
57,LP001197,3366,2200.0,135.0,360.0,1.0,N,1,1,0,0,0,0
58,LP001198,8080,2250.0,180.0,360.0,1.0,Y,1,1,1,0,0,2
59,LP001199,3357,2859.0,144.0,360.0,1.0,Y,1,1,2,1,0,2
60,LP001205,2500,3796.0,120.0,360.0,1.0,Y,1,1,0,0,0,2
61,LP001206,3029,0.0,99.0,360.0,1.0,Y,1,1,3,0,0,2
62,LP001207,2609,3449.0,165.0,180.0,0.0,N,1,1,0,1,1,0
63,LP001213,4945,0.0,146.41216216216216,360.0,0.0,N,1,1,1,0,0,0
64,LP001222,4166,0.0,116.0,360.0,0.0,N,0,0,0,0,0,1
65,LP001225,5726,4595.0,258.0,360.0,1.0,N,1,1,0,0,0,1
66,LP001228,3200,2254.0,126.0,180.0,0.0,N,1,0,0,1,0,2
67,LP001233,10750,0.0,312.0,360.0,1.0,Y,1,1,1,0,0,2
68,LP001238,7100,0.0,125.0,60.0,1.0,Y,1,1,3,1,1,2
69,LP001241,4300,0.0,136.0,360.0,0.0,N,0,0,0,0,0,1
70,LP001243,3208,3066.0,172.0,360.0,1.0,Y,1,1,0,0,0,2
71,LP001245,1875,1875.0,97.0,360.0,1.0,Y,1,1,2,1,1,1
72,LP001248,3500,0.0,81.0,300.0,1.0,Y,1,0,0,0,0,1
73,LP001250,4755,0.0,95.0,342.0,0.0,N,1,1,3,1,0,1
74,LP001253,5266,1774.0,187.0,360.0,1.0,Y,1,1,3,0,1,1
75,LP001255,3750,0.0,113.0,480.0,1.0,N,1,0,0,0,0,2
76,LP001256,3750,4750.0,176.0,360.0,1.0,N,1,0,0,0,0,2
77,LP001259,1000,3022.0,110.0,360.0,1.0,N,1,1,1,0,1,2
78,LP001263,3167,4000.0,180.0,300.0,0.0,N,1,1,3,0,0,1
79,LP001264,3333,2166.0,130.0,360.0,0.8421985815602837,Y,1,1,3,1,1,1
80,LP001265,3846,0.0,111.0,360.0,1.0,Y,0,0,0,0,0,1
81,LP001266,2395,0.0,146.41216216216216,360.0,1.0,Y,1,1,1,0,1,1
82,LP001267,1378,1881.0,167.0,360.0,1.0,N,0,1,2,0,0,2
83,LP001273,6000,2250.0,265.0,360.0,0.8421985815602837,N,1,1,0,0,0,1
84,LP001275,3988,0.0,50.0,240.0,1.0,Y,1,1,1,0,0,2
85,LP001279,2366,2531.0,136.0,360.0,1.0,Y,1,0,0,0,0,1
86,LP001280,3333,2000.0,99.0,360.0,0.8421985815602837,Y,1,1,2,1,0,1
87,LP001282,2500,2118.0,104.0,360.0,1.0,Y,1,1,0,0,0,1
88,LP001289,8566,0.0,210.0,360.0,1.0,Y,1,0,0,0,0,2
89,LP001310,5695,4167.0,175.0,360.0,1.0,Y,1,1,0,0,0,1
90,LP001316,2958,2900.0,131.0,360.0,1.0,Y,1,1,0,0,0,1
91,LP001318,6250,5654.0,188.0,180.0,1.0,Y,1,1,2,0,0,1
92,LP001319,3273,1820.0,81.0,360.0,1.0,Y,1,1,2,1,0,2
93,LP001322,4133,0.0,122.0,360.0,1.0,Y,1,0,0,0,0,1
94,LP001325,3620,0.0,25.0,120.0,1.0,Y,1,0,0,1,0,1
95,LP001326,6782,0.0,146.41216216216216,360.0,0.8421985815602837,N,1,0,0,0,0,2
96,LP001327,2484,2302.0,137.0,360.0,1.0,Y,0,1,0,0,0,1
97,LP001333,1977,997.0,50.0,360.0,1.0,Y,1,1,0,0,0,1
98,LP001334,4188,0.0,115.0,180.0,1.0,Y,1,1,0,1,0,1
99,LP001343,1759,3541.0,131.0,360.0,1.0,Y,1,1,0,0,0,1
100,LP001345,4288,3263.0,133.0,180.0,1.0,Y,1,1,2,1,0,2
101,LP001349,4843,3806.0,151.0,360.0,1.0,Y,1,0,0,0,0,1
102,LP001350,13650,0.0,146.41216216216216,360.0,1.0,Y,1,1,0,0,0,2
103,LP001356,4652,3583.0,146.41216216216216,360.0,1.0,Y,1,1,0,0,0,1
104,LP001357,3816,754.0,160.0,360.0,1.0,Y,1,1,0,0,0,2
105,LP001367,3052,1030.0,100.0,360.0,1.0,Y,1,1,1,0,0,2
106,LP001369,11417,1126.0,225.0,360.0,1.0,Y,1,1,2,0,0,2
107,LP001370,7333,0.0,120.0,360.0,1.0,N,1,0,0,1,0,0
108,LP001379,3800,3600.0,216.0,360.0,0.0,N,1,1,2,0,0,2
109,LP001384,2071,754.0,94.0,480.0,1.0,Y,1,1,3,1,0,1
110,LP001385,5316,0.0,136.0,360.0,1.0,Y,1,0,0,0,0,2
111,LP001387,2929,2333.0,139.0,360.0,1.0,Y,0,1,0,0,0,1
112,LP001391,3572,4114.0,152.0,342.0,0.0,N,1,1,0,1,0,0
113,LP001392,7451,0.0,146.41216216216216,360.0,1.0,Y,0,0,1,0,1,1
114,LP001398,5050,0.0,118.0,360.0,1.0,Y,1,0,0,0,0,1
115,LP001401,14583,0.0,185.0,180.0,1.0,Y,1,1,1,0,0,0
116,LP001404,3167,2283.0,154.0,360.0,1.0,Y,0,1,0,0,0,1
117,LP001405,2214,1398.0,85.0,360.0,0.8421985815602837,Y,1,1,1,0,0,2
118,LP001421,5568,2142.0,175.0,360.0,1.0,N,1,1,0,0,0,0
119,LP001422,10408,0.0,259.0,360.0,1.0,Y,0,0,0,0,0,2
120,LP001426,5667,2667.0,180.0,360.0,1.0,Y,1,1,0,0,0,0
121,LP001430,4166,0.0,44.0,360.0,1.0,Y,0,0,0,0,0,1
122,LP001431,2137,8980.0,137.0,360.0,0.0,Y,0,0,0,0,0,1
123,LP001432,2957,0.0,81.0,360.0,1.0,Y,1,1,2,0,0,1
124,LP001439,4300,2014.0,194.0,360.0,1.0,Y,1,1,0,1,0,0
125,LP001443,3692,0.0,93.0,360.0,0.8421985815602837,Y,0,0,0,0,0,0
126,LP001448,23803,0.0,370.0,360.0,1.0,Y,1,1,3,0,0,0
127,LP001449,3865,1640.0,146.41216216216216,360.0,1.0,Y,1,0,0,0,0,0
128,LP001451,10513,3850.0,160.0,180.0,0.0,N,1,1,1,0,1,2
129,LP001465,6080,2569.0,182.0,360.0,0.8421985815602837,N,1,1,0,0,0,0
130,LP001469,20166,0.0,650.0,480.0,0.8421985815602837,Y,1,0,0,0,1,2
131,LP001473,2014,1929.0,74.0,360.0,1.0,Y,1,0,0,0,0,2
132,LP001478,2718,0.0,70.0,360.0,1.0,Y,1,0,0,0,0,1
133,LP001482,3459,0.0,25.0,120.0,1.0,Y,1,1,0,0,1,1
134,LP001487,4895,0.0,102.0,360.0,1.0,Y,1,0,0,0,0,1
135,LP001488,4000,7750.0,290.0,360.0,1.0,N,1,1,3,0,0,1
136,LP001489,4583,0.0,84.0,360.0,1.0,N,0,1,0,0,0,0
137,LP001491,3316,3500.0,88.0,360.0,1.0,Y,1,1,2,0,1,2
138,LP001492,14999,0.0,242.0,360.0,0.0,N,1,0,0,0,0,1
139,LP001493,4200,1430.0,129.0,360.0,1.0,N,1,1,2,1,0,0
140,LP001497,5042,2083.0,185.0,360.0,1.0,N,1,1,2,0,0,0
141,LP001498,5417,0.0,168.0,360.0,1.0,Y,1,0,0,0,0,2
142,LP001504,6950,0.0,175.0,180.0,1.0,Y,1,0,0,0,1,1
143,LP001507,2698,2034.0,122.0,360.0,1.0,Y,1,1,0,0,0,1
144,LP001508,11757,0.0,187.0,180.0,1.0,Y,1,1,2,0,0,2
145,LP001514,2330,4486.0,100.0,360.0,1.0,Y,0,1,0,0,0,1
146,LP001516,14866,0.0,70.0,360.0,1.0,Y,0,1,2,0,0,2
147,LP001518,1538,1425.0,30.0,360.0,1.0,Y,1,1,1,0,0,2
148,LP001519,10000,1666.0,225.0,360.0,1.0,N,0,0,0,0,0,0
149,LP001520,4860,830.0,125.0,360.0,1.0,Y,1,1,0,0,0,1
150,LP001528,6277,0.0,118.0,360.0,0.0,N,1,0,0,0,0,0
151,LP001529,2577,3750.0,152.0,360.0,1.0,Y,1,1,0,0,1,0
152,LP001531,9166,0.0,244.0,360.0,1.0,N,1,0,0,0,0,2
153,LP001532,2281,0.0,113.0,360.0,1.0,N,1,1,2,1,0,0
154,LP001535,3254,0.0,50.0,360.0,1.0,Y,1,0,0,0,0,2
155,LP001536,39999,0.0,600.0,180.0,0.0,Y,1,1,3,0,0,1
156,LP001541,6000,0.0,160.0,360.0,0.8421985815602837,Y,1,1,1,0,0,0
157,LP001543,9538,0.0,187.0,360.0,1.0,Y,1,1,1,0,0,2
158,LP001546,2980,2083.0,120.0,360.0,1.0,Y,1,0,0,0,0,0
159,LP001552,4583,5625.0,255.0,360.0,1.0,Y,1,1,0,0,0,1
160,LP001560,1863,1041.0,98.0,360.0,1.0,Y,1,1,0,1,0,1
161,LP001562,7933,0.0,275.0,360.0,1.0,N,1,1,0,0,0,2
162,LP001565,3089,1280.0,121.0,360.0,0.0,N,1,1,1,0,0,1
163,LP001570,4167,1447.0,158.0,360.0,1.0,Y,1,1,2,0,0,0
164,LP001572,9323,0.0,75.0,180.0,1.0,Y,1,1,0,0,0,2
165,LP001574,3707,3166.0,182.0,342.0,1.0,Y,1,1,0,0,0,0
166,LP001577,4583,0.0,112.0,360.0,1.0,N,0,1,0,0,0,0
167,LP001578,2439,3333.0,129.0,360.0,1.0,Y,1,1,0,0,0,0
168,LP001579,2237,0.0,63.0,480.0,0.0,N,1,0,0,0,0,1
169,LP001580,8000,0.0,200.0,360.0,1.0,Y,1,1,2,0,0,1
170,LP001581,1820,1769.0,95.0,360.0,1.0,Y,1,1,0,1,0,0
171,LP001585,51763,0.0,700.0,300.0,1.0,Y,1,1,3,0,0,2
172,LP001586,3522,0.0,81.0,180.0,1.0,N,1,1,3,1,0,0
173,LP001594,5708,5625.0,187.0,360.0,1.0,Y,1,1,0,0,0,1
174,LP001603,4344,736.0,87.0,360.0,1.0,N,1,1,0,1,1,1
175,LP001606,3497,1964.0,116.0,360.0,1.0,Y,1,1,0,0,0,0
176,LP001608,2045,1619.0,101.0,360.0,1.0,Y,1,1,2,0,0,0
177,LP001610,5516,11300.0,495.0,360.0,0.0,N,1,1,3,0,0,1
178,LP001616,3750,0.0,116.0,360.0,1.0,Y,1,1,1,0,0,1
179,LP001630,2333,1451.0,102.0,480.0,0.0,N,1,0,0,1,0,2
180,LP001633,6400,7250.0,180.0,360.0,0.0,N,1,1,1,0,0,2
181,LP001634,1916,5063.0,67.0,360.0,0.8421985815602837,N,1,0,0,0,0,0
182,LP001636,4600,0.0,73.0,180.0,1.0,Y,1,1,0,0,0,1
183,LP001637,33846,0.0,260.0,360.0,1.0,N,1,1,1,0,0,1
184,LP001639,3625,0.0,108.0,360.0,1.0,Y,0,1,0,0,0,1
185,LP001640,39147,4750.0,120.0,360.0,1.0,Y,1,1,0,0,1,1
186,LP001641,2178,0.0,66.0,300.0,0.0,N,1,1,1,0,1,0
187,LP001643,2383,2138.0,58.0,360.0,0.8421985815602837,Y,1,1,0,0,0,0
188,LP001644,674,5296.0,168.0,360.0,1.0,Y,1,1,0,0,1,0
189,LP001647,9328,0.0,188.0,180.0,1.0,Y,1,1,0,0,0,0
190,LP001653,4885,0.0,48.0,360.0,1.0,Y,1,0,0,1,0,0
191,LP001656,12000,0.0,164.0,360.0,1.0,N,1,0,0,0,0,1
192,LP001657,6033,0.0,160.0,360.0,1.0,N,1,1,0,1,0,2
193,LP001658,3858,0.0,76.0,360.0,1.0,Y,1,0,0,0,0,1
194,LP001664,4191,0.0,120.0,360.0,1.0,Y,1,0,0,0,0,0
195,LP001665,3125,2583.0,170.0,360.0,1.0,N,1,1,1,0,0,1
196,LP001666,8333,3750.0,187.0,360.0,1.0,Y,1,0,0,0,0,0
197,LP001669,1907,2365.0,120.0,342.0,1.0,Y,0,0,0,1,0,2
198,LP001671,3416,2816.0,113.0,360.0,0.8421985815602837,Y,0,1,0,0,0,1
199,LP001673,11000,0.0,83.0,360.0,1.0,N,1,0,0,0,1,2
200,LP001674,2600,2500.0,90.0,360.0,1.0,Y,1,1,1,1,0,1
201,LP001677,4923,0.0,166.0,360.0,0.0,Y,1,0,2,0,0,1
202,LP001682,3992,0.0,146.41216216216216,180.0,1.0,N,1,1,3,1,0,2
203,LP001688,3500,1083.0,135.0,360.0,1.0,Y,1,1,1,1,0,2
204,LP001691,3917,0.0,124.0,360.0,1.0,Y,1,1,2,1,0,1
205,LP001692,4408,0.0,120.0,360.0,1.0,Y,0,0,0,1,0,1
206,LP001693,3244,0.0,80.0,360.0,1.0,Y,0,0,0,0,0,2
207,LP001698,3975,2531.0,55.0,360.0,1.0,Y,1,0,0,1,0,0
208,LP001699,2479,0.0,59.0,360.0,1.0,Y,1,0,0,0,0,2
209,LP001702,3418,0.0,127.0,360.0,1.0,N,1,0,0,0,0,1
210,LP001708,10000,0.0,214.0,360.0,1.0,N,0,0,0,0,0,1
211,LP001711,3430,1250.0,128.0,360.0,0.0,N,1,1,3,0,0,1
212,LP001713,7787,0.0,240.0,360.0,1.0,Y,1,1,1,0,1,2
213,LP001715,5703,0.0,130.0,360.0,1.0,Y,1,1,3,1,1,0
214,LP001716,3173,3021.0,137.0,360.0,1.0,Y,1,1,0,0,0,2
215,LP001720,3850,983.0,100.0,360.0,1.0,Y,1,1,3,1,0,1
216,LP001722,150,1800.0,135.0,360.0,1.0,N,1,1,0,0,0,0
217,LP001726,3727,1775.0,131.0,360.0,1.0,Y,1,1,0,0,0,1
218,LP001732,5000,0.0,72.0,360.0,0.0,N,1,1,2,0,0,1
219,LP001734,4283,2383.0,127.0,360.0,0.8421985815602837,Y,0,1,2,0,0,1
220,LP001736,2221,0.0,60.0,360.0,0.0,N,1,1,0,0,0,2
221,LP001743,4009,1717.0,116.0,360.0,1.0,Y,1,1,2,0,0,1
222,LP001744,2971,2791.0,144.0,360.0,1.0,Y,1,0,0,0,0,1
223,LP001749,7578,1010.0,175.0,342.0,1.0,Y,1,1,0,0,0,1
224,LP001750,6250,0.0,128.0,360.0,1.0,Y,1,1,0,0,0,1
225,LP001751,3250,0.0,170.0,360.0,1.0,N,1,1,0,0,0,0
226,LP001754,4735,0.0,138.0,360.0,1.0,N,1,1,0,1,1,2
227,LP001758,6250,1695.0,210.0,360.0,1.0,Y,1,1,2,0,0,1
228,LP001760,4758,0.0,158.0,480.0,1.0,Y,1,1,0,0,0,1
229,LP001761,6400,0.0,200.0,360.0,1.0,Y,1,0,0,0,1,0
230,LP001765,2491,2054.0,104.0,360.0,1.0,Y,1,1,1,0,0,1
231,LP001768,3716,0.0,42.0,180.0,1.0,Y,1,1,0,0,0,0
232,LP001770,3189,2598.0,120.0,342.0,1.0,Y,1,0,0,1,0,0
233,LP001776,8333,0.0,280.0,360.0,1.0,Y,0,0,0,0,0,1
234,LP001778,3155,1779.0,140.0,360.0,1.0,Y,1,1,1,0,0,1
235,LP001784,5500,1260.0,170.0,360.0,1.0,Y,1,1,1,0,0,0
236,LP001786,5746,0.0,255.0,360.0,0.8421985815602837,N,1,1,0,0,0,2
237,LP001788,3463,0.0,122.0,360.0,0.8421985815602837,Y,0,0,0,0,1,2
238,LP001790,3812,0.0,112.0,360.0,1.0,Y,0,0,1,0,0,0
239,LP001792,3315,0.0,96.0,360.0,1.0,Y,1,1,1,0,0,1
240,LP001798,5819,5000.0,120.0,360.0,1.0,Y,1,1,2,0,0,0
241,LP001800,2510,1983.0,140.0,180.0,1.0,N,1,1,1,1,0,2
242,LP001806,2965,5701.0,155.0,60.0,1.0,Y,1,0,0,0,0,2
243,LP001807,6250,1300.0,108.0,360.0,1.0,Y,1,1,2,0,1,0
244,LP001811,3406,4417.0,123.0,360.0,1.0,Y,1,1,0,1,0,1
245,LP001813,6050,4333.0,120.0,180.0,1.0,N,1,0,0,0,1,2
246,LP001814,9703,0.0,112.0,360.0,1.0,Y,1,1,2,0,0,2
247,LP001819,6608,0.0,137.0,180.0,1.0,Y,1,1,1,1,0,2
248,LP001824,2882,1843.0,123.0,480.0,1.0,Y,1,1,1,0,0,1
249,LP001825,1809,1868.0,90.0,360.0,1.0,Y,1,1,0,0,0,2
250,LP001835,1668,3890.0,201.0,360.0,0.0,N,1,1,0,1,0,1
251,LP001836,3427,0.0,138.0,360.0,1.0,N,0,0,2,0,0,2
252,LP001841,2583,2167.0,104.0,360.0,1.0,Y,1,0,0,1,1,0
253,LP001843,2661,7101.0,279.0,180.0,1.0,Y,1,1,1,1,0,1
254,LP001844,16250,0.0,192.0,360.0,0.0,N,1,0,0,0,1,2
255,LP001846,3083,0.0,255.0,360.0,1.0,Y,0,0,3,0,0,0
256,LP001849,6045,0.0,115.0,360.0,0.0,N,1,0,0,1,0,0
257,LP001854,5250,0.0,94.0,360.0,1.0,N,1,1,3,0,0,2
258,LP001859,14683,2100.0,304.0,360.0,1.0,N,1,1,0,0,0,0
259,LP001864,4931,0.0,128.0,360.0,0.8421985815602837,N,1,1,3,1,0,1
260,LP001865,6083,4250.0,330.0,360.0,0.8421985815602837,Y,1,1,1,0,0,2
261,LP001868,2060,2209.0,134.0,360.0,1.0,Y,1,0,0,0,0,1
262,LP001870,3481,0.0,155.0,36.0,1.0,N,0,0,1,0,0,1
263,LP001871,7200,0.0,120.0,360.0,1.0,Y,0,0,0,0,0,0
264,LP001872,5166,0.0,128.0,360.0,1.0,Y,1,0,0,0,1,1
265,LP001875,4095,3447.0,151.0,360.0,1.0,Y,1,0,0,0,0,0
266,LP001877,4708,1387.0,150.0,360.0,1.0,Y,1,1,2,0,0,1
267,LP001882,4333,1811.0,160.0,360.0,0.0,Y,1,1,3,0,0,2
268,LP001883,3418,0.0,135.0,360.0,1.0,N,0,0,0,0,0,0
269,LP001884,2876,1560.0,90.0,360.0,1.0,Y,0,0,1,0,0,2
270,LP001888,3237,0.0,30.0,360.0,1.0,Y,0,0,0,0,0,2
271,LP001891,11146,0.0,136.0,360.0,1.0,Y,1,1,0,0,0,2
272,LP001892,2833,1857.0,126.0,360.0,1.0,Y,1,0,0,0,0,0
273,LP001894,2620,2223.0,150.0,360.0,1.0,Y,1,1,0,0,0,1
274,LP001896,3900,0.0,90.0,360.0,1.0,Y,1,1,2,0,0,1
275,LP001900,2750,1842.0,115.0,360.0,1.0,Y,1,1,1,0,0,1
276,LP001903,3993,3274.0,207.0,360.0,1.0,Y,1,1,0,0,0,1
277,LP001904,3103,1300.0,80.0,360.0,1.0,Y,1,1,0,0,0,2
278,LP001907,14583,0.0,436.0,360.0,1.0,Y,1,1,0,0,0,1
279,LP001908,4100,0.0,124.0,360.0,0.8421985815602837,Y,0,1,0,1,0,0
280,LP001910,4053,2426.0,158.0,360.0,0.0,N,1,0,1,1,1,2
281,LP001914,3927,800.0,112.0,360.0,1.0,Y,1,1,0,0,0,1
282,LP001915,2301,985.7999877999998,78.0,180.0,1.0,Y,1,1,2,0,0,2
283,LP001917,1811,1666.0,54.0,360.0,1.0,Y,0,0,0,0,0,2
284,LP001922,20667,0.0,146.41216216216216,360.0,1.0,N,1,1,0,0,0,0
285,LP001924,3158,3053.0,89.0,360.0,1.0,Y,1,0,0,0,0,0
286,LP001925,2600,1717.0,99.0,300.0,1.0,N,0,0,0,0,1,1
287,LP001926,3704,2000.0,120.0,360.0,1.0,Y,1,1,0,0,0,0
288,LP001931,4124,0.0,115.0,360.0,1.0,Y,0,0,0,0,0,1
289,LP001935,9508,0.0,187.0,360.0,1.0,Y,1,0,0,0,0,0
290,LP001936,3075,2416.0,139.0,360.0,1.0,Y,1,1,0,0,0,0
291,LP001938,4400,0.0,127.0,360.0,0.0,N,1,1,2,0,0,1
292,LP001940,3153,1560.0,134.0,360.0,1.0,Y,1,1,2,0,0,2
293,LP001945,5417,0.0,143.0,480.0,0.0,N,0,0,0,0,0,2
294,LP001947,2383,3334.0,172.0,360.0,1.0,Y,1,1,0,0,0,1
295,LP001949,4416,1250.0,110.0,360.0,1.0,Y,1,1,3,0,0,2
296,LP001953,6875,0.0,200.0,360.0,1.0,Y,1,1,1,0,0,1
297,LP001954,4666,0.0,135.0,360.0,1.0,Y,0,1,1,0,0,2
298,LP001955,5000,2541.0,151.0,480.0,1.0,N,0,0,0,0,0,0
299,LP001963,2014,2925.0,113.0,360.0,1.0,N,1,1,1,0,0,2
300,LP001964,1800,2934.0,93.0,360.0,0.0,N,1,1,0,1,0,2
301,LP001972,2875,1750.0,105.0,360.0,1.0,Y,1,1,0,1,0,1
302,LP001974,5000,0.0,132.0,360.0,1.0,Y,0,0,0,0,0,0
303,LP001977,1625,1803.0,96.0,360.0,1.0,Y,1,1,1,0,0,2
304,LP001978,4000,2500.0,140.0,360.0,1.0,Y,1,0,0,0,0,0
305,LP001990,2000,0.0,146.41216216216216,360.0,1.0,N,1,0,0,1,0,2
306,LP001993,3762,1666.0,135.0,360.0,1.0,Y,0,0,0,0,0,0
307,LP001994,2400,1863.0,104.0,360.0,0.0,N,0,0,0,0,0,2
308,LP001996,20233,0.0,480.0,360.0,1.0,N,1,0,0,0,0,0
309,LP001998,7667,0.0,185.0,360.0,0.8421985815602837,Y,1,1,2,1,0,0
310,LP002002,2917,0.0,84.0,360.0,1.0,Y,0,0,0,0,0,1
311,LP002004,2927,2405.0,111.0,360.0,1.0,Y,1,0,0,1,0,1
312,LP002006,2507,0.0,56.0,360.0,1.0,Y,0,0,0,0,0,0
313,LP002008,5746,0.0,144.0,84.0,0.8421985815602837,Y,1,1,2,0,1,0
314,LP002024,2473,1843.0,159.0,360.0,1.0,N,1,1,0,0,0,0
315,LP002031,3399,1640.0,111.0,180.0,1.0,Y,1,1,1,1,0,2
316,LP002035,3717,0.0,120.0,360.0,1.0,Y,1,1,2,0,0,1
317,LP002036,2058,2134.0,88.0,360.0,0.8421985815602837,Y,1,1,0,0,0,2
318,LP002043,3541,0.0,112.0,360.0,0.8421985815602837,Y,0,0,1,0,0,1
319,LP002050,10000,0.0,155.0,360.0,1.0,N,1,1,1,0,1,0
320,LP002051,2400,2167.0,115.0,360.0,1.0,Y,1,1,0,0,0,1
321,LP002053,4342,189.0,124.0,360.0,1.0,Y,1,1,3,0,0,1
322,LP002054,3601,1590.0,146.41216216216216,360.0,1.0,Y,1,1,2,1,0,0
323,LP002055,3166,2985.0,132.0,360.0,0.8421985815602837,Y,0,0,0,0,0,0
324,LP002065,15000,0.0,300.0,360.0,1.0,Y,1,1,3,0,0,0
325,LP002067,8666,4983.0,376.0,360.0,0.0,N,1,1,1,0,1,0
326,LP002068,4917,0.0,130.0,360.0,0.0,Y,1,0,0,0,0,0
327,LP002082,5818,2160.0,184.0,360.0,1.0,Y,1,1,0,0,1,1
328,LP002086,4333,2451.0,110.0,360.0,1.0,N,0,1,0,0,0,2
329,LP002087,2500,0.0,67.0,360.0,1.0,Y,0,0,0,0,0,2
330,LP002097,4384,1793.0,117.0,360.0,1.0,Y,1,0,1,0,0,2
331,LP002098,2935,0.0,98.0,360.0,1.0,Y,1,0,0,0,0,1
332,LP002100,2833,0.0,71.0,360.0,1.0,Y,1,0,0,0,0,2
333,LP002101,63337,0.0,490.0,180.0,1.0,Y,1,1,0,0,0,2
334,LP002103,9833,1833.0,182.0,180.0,1.0,Y,1,1,1,0,1,2
335,LP002106,5503,4490.0,70.0,342.0,1.0,Y,1,1,0,0,1,1
336,LP002110,5250,688.0,160.0,360.0,1.0,Y,1,1,1,0,0,0
337,LP002112,2500,4600.0,176.0,360.0,1.0,Y,1,1,2,0,1,0
338,LP002113,1830,0.0,146.41216216216216,360.0,0.0,N,0,0,3,1,0,2
339,LP002114,4160,0.0,71.0,360.0,1.0,Y,0,0,0,0,0,1
340,LP002115,2647,1587.0,173.0,360.0,1.0,N,1,1,3,1,0,0
341,LP002116,2378,0.0,46.0,360.0,1.0,N,0,0,0,0,0,0
342,LP002119,4554,1229.0,158.0,360.0,1.0,Y,1,1,1,1,0,2
343,LP002126,3173,0.0,74.0,360.0,1.0,Y,1,1,3,1,0,1
344,LP002128,2583,2330.0,125.0,360.0,1.0,Y,1,1,2,0,0,0
345,LP002129,2499,2458.0,160.0,360.0,1.0,Y,1,1,0,0,0,1
346,LP002130,3523,3230.0,152.0,360.0,0.0,N,1,1,0,1,0,0
347,LP002131,3083,2168.0,126.0,360.0,1.0,Y,1,1,2,1,0,2
348,LP002137,6333,4583.0,259.0,360.0,0.8421985815602837,Y,1,1,0,0,0,1
349,LP002138,2625,6250.0,187.0,360.0,1.0,Y,1,1,0,0,0,0
350,LP002139,9083,0.0,228.0,360.0,1.0,Y,1,1,0,0,0,1
351,LP002140,8750,4167.0,308.0,360.0,1.0,N,1,0,0,0,0,0
352,LP002141,2666,2083.0,95.0,360.0,1.0,Y,1,1,3,0,0,0
353,LP002142,5500,0.0,105.0,360.0,0.0,N,0,1,0,0,1,0
354,LP002143,2423,505.0,130.0,360.0,1.0,Y,0,1,0,0,0,1
355,LP002144,3813,0.0,116.0,180.0,1.0,Y,0,0,0,0,0,2
356,LP002149,8333,3167.0,165.0,360.0,1.0,Y,1,1,2,0,0,0
357,LP002151,3875,0.0,67.0,360.0,1.0,N,1,1,1,0,0,2
358,LP002158,3000,1666.0,100.0,480.0,0.0,N,1,1,0,1,0,2
359,LP002160,5167,3167.0,200.0,360.0,1.0,Y,1,1,3,0,0,1
360,LP002161,4723,0.0,81.0,360.0,1.0,N,0,0,1,0,0,1
361,LP002170,5000,3667.0,236.0,360.0,1.0,Y,1,1,2,0,0,1
362,LP002175,4750,2333.0,130.0,360.0,1.0,Y,1,1,0,0,0,2
363,LP002178,3013,3033.0,95.0,300.0,0.8421985815602837,Y,1,1,0,0,0,2
364,LP002180,6822,0.0,141.0,360.0,1.0,Y,1,0,0,0,1,0
365,LP002181,6216,0.0,133.0,360.0,1.0,N,1,0,0,1,0,0
366,LP002187,2500,0.0,96.0,480.0,1.0,N,1,0,0,0,0,1
367,LP002188,5124,0.0,124.0,342.0,0.0,N,1,0,0,0,0,0
368,LP002190,6325,0.0,175.0,360.0,1.0,Y,1,1,1,0,0,1
369,LP002191,19730,5266.0,570.0,360.0,1.0,N,1,1,0,0,0,0
370,LP002194,15759,0.0,55.0,360.0,1.0,Y,0,0,0,0,1,1
371,LP002197,5185,0.0,155.0,360.0,1.0,Y,1,1,2,0,0,1
372,LP002201,9323,7873.0,380.0,300.0,1.0,Y,1,1,2,0,1,0
373,LP002205,3062,1987.0,111.0,180.0,0.0,N,1,0,1,0,0,2
374,LP002209,2764,1459.0,110.0,360.0,1.0,Y,0,0,0,0,0,2
375,LP002211,4817,923.0,120.0,180.0,1.0,Y,1,1,0,0,0,2
376,LP002219,8750,4996.0,130.0,360.0,1.0,Y,1,1,3,0,0,0
377,LP002223,4310,0.0,130.0,360.0,0.8421985815602837,Y,1,1,0,0,0,1
378,LP002224,3069,0.0,71.0,480.0,1.0,N,1,0,0,0,0,2
379,LP002225,5391,0.0,130.0,360.0,1.0,Y,1,1,2,0,0,2
380,LP002226,3333,2500.0,128.0,360.0,1.0,Y,1,1,0,0,0,1
381,LP002229,5941,4232.0,296.0,360.0,1.0,Y,1,0,0,0,0,1
382,LP002231,6000,0.0,156.0,360.0,1.0,Y,0,0,0,0,0,2
383,LP002234,7167,0.0,128.0,360.0,1.0,Y,1,0,0,0,1,2
384,LP002236,4566,0.0,100.0,360.0,1.0,N,1,1,2,0,0,2
385,LP002237,3667,0.0,113.0,180.0,1.0,Y,1,0,1,0,0,2
386,LP002239,2346,1600.0,132.0,360.0,1.0,Y,1,0,0,1,0,1
387,LP002243,3010,3136.0,146.41216216216216,360.0,0.0,N,1,1,0,1,0,2
388,LP002244,2333,2417.0,136.0,360.0,1.0,Y,1,1,0,0,0,2
389,LP002250,5488,0.0,125.0,360.0,1.0,Y,1,1,0,0,0,0
390,LP002255,9167,0.0,185.0,360.0,1.0,Y,1,0,3,0,0,0
391,LP002262,9504,0.0,275.0,360.0,1.0,Y,1,1,3,0,0,0
392,LP002263,2583,2115.0,120.0,360.0,0.8421985815602837,Y,1,1,0,0,0,2
393,LP002265,1993,1625.0,113.0,180.0,1.0,Y,1,1,2,1,0,1
394,LP002266,3100,1400.0,113.0,360.0,1.0,Y,1,1,2,0,0,2
395,LP002272,3276,484.0,135.0,360.0,0.8421985815602837,Y,1,1,2,0,0,1
396,LP002277,3180,0.0,71.0,360.0,0.0,N,0,0,0,0,0,2
397,LP002281,3033,1459.0,95.0,360.0,1.0,Y,1,1,0,0,0,2
398,LP002284,3902,1666.0,109.0,360.0,1.0,Y,1,0,0,1,0,0
399,LP002287,1500,1800.0,103.0,360.0,0.0,N,0,0,0,0,0,1
400,LP002288,2889,0.0,45.0,180.0,0.0,N,1,1,2,1,0,2
401,LP002296,2755,0.0,65.0,300.0,1.0,N,1,0,0,1,0,0
402,LP002297,2500,20000.0,103.0,360.0,1.0,Y,1,0,0,0,0,1
403,LP002300,1963,0.0,53.0,360.0,1.0,Y,0,0,0,1,0,1
404,LP002301,7441,0.0,194.0,360.0,1.0,N,0,0,0,0,1,0
405,LP002305,4547,0.0,115.0,360.0,1.0,Y,0,0,0,0,0,1
406,LP002308,2167,2400.0,115.0,360.0,1.0,Y,1,1,0,1,0,2
407,LP002314,2213,0.0,66.0,360.0,1.0,Y,0,0,0,1,0,0
408,LP002315,8300,0.0,152.0,300.0,0.0,N,1,1,1,0,0,1
409,LP002317,81000,0.0,360.0,360.0,0.0,N,1,1,3,0,0,0
410,LP002318,3867,0.0,62.0,360.0,1.0,N,0,0,1,1,1,1
411,LP002319,6256,0.0,160.0,360.0,0.8421985815602837,Y,1,1,0,0,0,2
412,LP002328,6096,0.0,218.0,360.0,0.0,N,1,1,0,1,0,0
413,LP002332,2253,2033.0,110.0,360.0,1.0,Y,1,1,0,1,0,0
414,LP002335,2149,3237.0,178.0,360.0,0.0,N,0,1,0,1,0,1
415,LP002337,2995,0.0,60.0,360.0,1.0,Y,0,0,0,0,0,2
416,LP002341,2600,0.0,160.0,360.0,1.0,N,0,0,1,0,0,2
417,LP002342,1600,20000.0,239.0,360.0,1.0,N,1,1,2,0,1,2
418,LP002345,1025,2773.0,112.0,360.0,1.0,Y,1,1,0,0,0,0
419,LP002347,3246,1417.0,138.0,360.0,1.0,Y,1,1,0,0,0,1
420,LP002348,5829,0.0,138.0,360.0,1.0,Y,1,1,0,0,0,0
421,LP002357,2720,0.0,80.0,342.0,0.0,N,0,0,0,1,0,2
422,LP002361,1820,1719.0,100.0,360.0,1.0,Y,1,1,0,0,0,2
423,LP002362,7250,1667.0,110.0,342.0,0.0,N,1,1,1,0,0,2
424,LP002364,14880,0.0,96.0,360.0,1.0,Y,1,1,0,0,0,1
425,LP002366,2666,4300.0,121.0,360.0,1.0,Y,1,1,0,0,0,0
426,LP002367,4606,0.0,81.0,360.0,1.0,N,0,0,1,1,0,0
427,LP002368,5935,0.0,133.0,360.0,1.0,Y,1,1,2,0,0,1
428,LP002369,2920,16.12000084,87.0,360.0,1.0,Y,1,1,0,0,0,0
429,LP002370,2717,0.0,60.0,180.0,1.0,Y,1,0,0,1,0,2
430,LP002377,8624,0.0,150.0,360.0,1.0,Y,0,0,1,0,1,1
431,LP002379,6500,0.0,105.0,360.0,0.0,N,1,0,0,0,0,0
432,LP002386,12876,0.0,405.0,360.0,1.0,Y,1,0,0,0,0,1
433,LP002387,2425,2340.0,143.0,360.0,1.0,Y,1,1,0,0,0,1
434,LP002390,3750,0.0,100.0,360.0,1.0,Y,1,0,0,0,0,2
435,LP002393,10047,0.0,146.41216216216216,240.0,1.0,Y,0,1,0,0,0,1
436,LP002398,1926,1851.0,50.0,360.0,1.0,Y,1,0,0,0,0,1
437,LP002401,2213,1125.0,146.41216216216216,360.0,1.0,Y,1,1,0,0,0,2
438,LP002403,10416,0.0,187.0,360.0,0.0,N,1,0,0,0,1,2
439,LP002407,7142,0.0,138.0,360.0,1.0,Y,0,1,0,1,1,0
440,LP002408,3660,5064.0,187.0,360.0,1.0,Y,1,0,0,0,0,1
441,LP002409,7901,1833.0,180.0,360.0,1.0,Y,1,1,0,0,0,0
442,LP002418,4707,1993.0,148.0,360.0,1.0,Y,1,0,3,1,0,1
443,LP002422,37719,0.0,152.0,360.0,1.0,Y,1,0,1,0,0,1
444,LP002424,7333,8333.0,175.0,300.0,0.8421985815602837,Y,1,1,0,0,0,0
445,LP002429,3466,1210.0,130.0,360.0,1.0,Y,1,1,1,0,1,0
446,LP002434,4652,0.0,110.0,360.0,1.0,Y,1,1,2,1,0,0
447,LP002435,3539,1376.0,55.0,360.0,1.0,N,1,1,0,0,0,0
448,LP002443,3340,1710.0,150.0,360.0,0.0,N,1,1,2,0,0,0
449,LP002444,2769,1542.0,190.0,360.0,0.8421985815602837,N,1,0,1,1,1,1
450,LP002446,2309,1255.0,125.0,360.0,0.0,N,1,1,2,1,0,0
451,LP002447,1958,1456.0,60.0,300.0,0.8421985815602837,Y,1,1,2,1,0,2
452,LP002448,3948,1733.0,149.0,360.0,0.0,N,1,1,0,0,0,0
453,LP002449,2483,2466.0,90.0,180.0,0.0,Y,1,1,0,0,0,0
454,LP002453,7085,0.0,84.0,360.0,1.0,Y,1,0,0,0,1,1
455,LP002455,3859,0.0,96.0,360.0,1.0,Y,1,1,2,0,0,1
456,LP002459,4301,0.0,118.0,360.0,1.0,Y,1,1,0,0,0,2
457,LP002467,3708,2569.0,173.0,360.0,1.0,N,1,1,0,0,0,2
458,LP002472,4354,0.0,136.0,360.0,1.0,Y,1,0,2,0,0,0
459,LP002473,8334,0.0,160.0,360.0,1.0,N,1,1,0,0,0,1
460,LP002478,2083,4083.0,160.0,360.0,0.8421985815602837,Y,1,1,0,0,1,1
461,LP002484,7740,0.0,128.0,180.0,1.0,Y,1,1,3,0,0,2
462,LP002487,3015,2188.0,153.0,360.0,1.0,Y,1,1,0,0,0,0
463,LP002489,5191,0.0,132.0,360.0,1.0,Y,0,0,1,1,0,1
464,LP002493,4166,0.0,98.0,360.0,0.0,N,1,0,0,0,0,1
465,LP002494,6000,0.0,140.0,360.0,1.0,Y,1,0,0,0,0,0
466,LP002500,2947,1664.0,70.0,180.0,0.0,N,1,1,3,1,0,2
467,LP002501,16692,0.0,110.0,360.0,1.0,Y,1,1,0,0,0,1
468,LP002502,210,2917.0,98.0,360.0,1.0,Y,0,1,2,1,0,1
469,LP002505,4333,2451.0,110.0,360.0,1.0,N,1,1,0,0,0,2
470,LP002515,3450,2079.0,162.0,360.0,1.0,Y,1,1,1,0,1,1
471,LP002517,2653,1500.0,113.0,180.0,0.0,N,1,1,1,1,0,0
472,LP002519,4691,0.0,100.0,360.0,1.0,Y,1,1,3,0,0,1
473,LP002522,2500,0.0,93.0,360.0,0.8421985815602837,Y,0,0,0,0,1,2
474,LP002524,5532,4648.0,162.0,360.0,1.0,Y,1,0,2,0,0,0
475,LP002527,16525,1014.0,150.0,360.0,1.0,Y,1,1,2,0,1,0
476,LP002529,6700,1750.0,230.0,300.0,1.0,Y,1,1,2,0,0,1
477,LP002530,2873,1872.0,132.0,360.0,0.0,N,1,1,2,0,0,1
478,LP002531,16667,2250.0,86.0,360.0,1.0,Y,1,1,1,0,1,1
479,LP002533,2947,1603.0,146.41216216216216,360.0,1.0,N,1,1,2,0,0,2
480,LP002534,4350,0.0,154.0,360.0,1.0,Y,0,0,0,1,0,0
481,LP002536,3095,0.0,113.0,360.0,1.0,Y,1,1,3,1,0,0
482,LP002537,2083,3150.0,128.0,360.0,1.0,Y,1,1,0,0,0,1
483,LP002541,10833,0.0,234.0,360.0,1.0,Y,1,1,0,0,0,1
484,LP002543,8333,0.0,246.0,360.0,1.0,Y,1,1,2,0,0,1
485,LP002544,1958,2436.0,131.0,360.0,1.0,Y,1,1,1,1,0,0
486,LP002545,3547,0.0,80.0,360.0,0.0,N,1,0,2,0,0,0
487,LP002547,18333,0.0,500.0,360.0,1.0,N,1,1,1,0,0,2
488,LP002555,4583,2083.0,160.0,360.0,1.0,Y,1,1,2,0,1,1
489,LP002556,2435,0.0,75.0,360.0,1.0,N,1,0,0,0,0,2
490,LP002560,2699,2785.0,96.0,360.0,0.8421985815602837,Y,1,0,0,1,0,1
491,LP002562,5333,1131.0,186.0,360.0,0.8421985815602837,Y,1,1,1,1,0,2
492,LP002571,3691,0.0,110.0,360.0,1.0,Y,1,0,0,1,0,0
493,LP002582,17263,0.0,225.0,360.0,1.0,Y,0,0,0,1,1,1
494,LP002585,3597,2157.0,119.0,360.0,0.0,N,1,1,0,0,0,0
495,LP002586,3326,913.0,105.0,84.0,1.0,Y,0,1,1,0,0,1
496,LP002587,2600,1700.0,107.0,360.0,1.0,Y,1,1,0,1,0,0
497,LP002588,4625,2857.0,111.0,12.0,0.8421985815602837,Y,1,1,0,0,0,2
498,LP002600,2895,0.0,95.0,360.0,1.0,Y,1,1,1,0,1,1
499,LP002602,6283,4416.0,209.0,360.0,0.0,N,1,0,0,0,0,0
500,LP002603,645,3683.0,113.0,480.0,1.0,Y,0,0,0,0,0,0
501,LP002606,3159,0.0,100.0,360.0,1.0,Y,0,0,0,0,0,1
502,LP002615,4865,5624.0,208.0,360.0,1.0,Y,1,1,2,0,0,1
503,LP002618,4050,5302.0,138.0,360.0,0.8421985815602837,N,1,1,1,1,0,0
504,LP002619,3814,1483.0,124.0,300.0,1.0,Y,1,1,0,1,0,1
505,LP002622,3510,4416.0,243.0,360.0,1.0,Y,1,1,2,0,0,0
506,LP002624,20833,6667.0,480.0,360.0,0.8421985815602837,Y,1,1,0,0,0,2
507,LP002625,3583,0.0,96.0,360.0,1.0,N,1,0,0,0,0,2
508,LP002626,2479,3013.0,188.0,360.0,1.0,Y,1,1,0,0,1,2
509,LP002634,13262,0.0,40.0,360.0,1.0,Y,0,0,1,0,0,2
510,LP002637,3598,1287.0,100.0,360.0,1.0,N,1,0,0,1,0,0
511,LP002640,6065,2004.0,250.0,360.0,1.0,Y,1,1,1,0,0,1
512,LP002643,3283,2035.0,148.0,360.0,1.0,Y,1,1,2,0,0,2
513,LP002648,2130,6666.0,70.0,180.0,1.0,N,1,1,0,0,0,1
514,LP002652,5815,3666.0,311.0,360.0,1.0,N,1,0,0,0,0,0
515,LP002659,3466,3428.0,150.0,360.0,1.0,Y,1,1,3,0,0,0
516,LP002670,2031,1632.0,113.0,480.0,1.0,Y,0,1,2,0,0,1
517,LP002682,3074,1800.0,123.0,360.0,0.0,N,1,1,0,1,0,1
518,LP002683,4683,1915.0,185.0,360.0,1.0,N,1,0,0,0,0,1
519,LP002684,3400,0.0,95.0,360.0,1.0,N,0,0,0,1,0,0
520,LP002689,2192,1742.0,45.0,360.0,1.0,Y,1,1,2,1,0,1
521,LP002690,2500,0.0,55.0,360.0,1.0,Y,1,0,0,0,0,1
522,LP002692,5677,1424.0,100.0,360.0,1.0,Y,1,1,3,0,1,0
523,LP002693,7948,7166.0,480.0,360.0,1.0,Y,1,1,2,0,1,0
524,LP002697,4680,2087.0,146.41216216216216,360.0,1.0,N,1,0,0,0,0,1
525,LP002699,17500,0.0,400.0,360.0,1.0,Y,1,1,2,0,1,0
526,LP002705,3775,0.0,110.0,360.0,1.0,Y,1,1,0,0,0,1
527,LP002706,5285,1430.0,161.0,360.0,0.0,Y,1,1,1,1,0,1
528,LP002714,2679,1302.0,94.0,360.0,1.0,Y,1,0,1,1,0,1
529,LP002716,6783,0.0,130.0,360.0,1.0,Y,1,0,0,1,0,1
530,LP002717,1025,5500.0,216.0,360.0,0.8421985815602837,Y,1,1,0,0,0,0
531,LP002720,4281,0.0,100.0,360.0,1.0,Y,1,1,3,0,0,2
532,LP002723,3588,0.0,110.0,360.0,0.0,N,1,0,2,0,0,0
533,LP002729,11250,0.0,196.0,360.0,0.8421985815602837,N,1,0,1,0,0,1
534,LP002731,18165,0.0,125.0,360.0,1.0,Y,0,0,0,1,1,2
535,LP002732,2550,2042.0,126.0,360.0,1.0,Y,1,0,0,1,0,0
536,LP002734,6133,3906.0,324.0,360.0,1.0,Y,1,1,0,0,0,2
537,LP002738,3617,0.0,107.0,360.0,1.0,Y,1,0,2,0,0,1
538,LP002739,2917,536.0,66.0,360.0,1.0,N,1,1,0,1,0,0
539,LP002740,6417,0.0,157.0,180.0,1.0,Y,1,1,3,0,0,0
540,LP002741,4608,2845.0,140.0,180.0,1.0,Y,0,1,1,0,0,1
541,LP002743,2138,0.0,99.0,360.0,0.0,N,0,0,0,0,0,1
542,LP002753,3652,0.0,95.0,360.0,1.0,Y,0,0,1,0,0,1
543,LP002755,2239,2524.0,128.0,360.0,1.0,Y,1,1,1,1,0,2
544,LP002757,3017,663.0,102.0,360.0,0.8421985815602837,Y,0,1,0,1,0,1
545,LP002767,2768,1950.0,155.0,360.0,1.0,Y,1,1,0,0,0,0
546,LP002768,3358,0.0,80.0,36.0,1.0,N,1,0,0,1,0,1
547,LP002772,2526,1783.0,145.0,360.0,1.0,Y,1,0,0,0,0,0
548,LP002776,5000,0.0,103.0,360.0,0.0,N,0,0,0,0,0,1
549,LP002777,2785,2016.0,110.0,360.0,1.0,Y,1,1,0,0,0,0
550,LP002778,6633,0.0,146.41216216216216,360.0,0.0,N,1,1,2,0,1,0
551,LP002784,2492,2375.0,146.41216216216216,360.0,1.0,Y,1,1,1,1,0,0
552,LP002785,3333,3250.0,158.0,360.0,1.0,Y,1,1,1,0,0,2
553,LP002788,2454,2333.0,181.0,360.0,0.0,N,1,1,0,1,0,2
554,LP002789,3593,4266.0,132.0,180.0,0.0,N,1,1,0,0,0,0
555,LP002792,5468,1032.0,26.0,360.0,1.0,Y,1,1,1,0,0,1
556,LP002794,2667,1625.0,84.0,360.0,0.8421985815602837,Y,0,0,0,0,0,2
557,LP002795,10139,0.0,260.0,360.0,1.0,Y,1,1,3,0,1,1
558,LP002798,3887,2669.0,162.0,360.0,1.0,Y,1,1,0,0,0,1
559,LP002804,4180,2306.0,182.0,360.0,1.0,Y,0,1,0,0,0,1
560,LP002807,3675,242.0,108.0,360.0,1.0,Y,1,1,2,1,0,1
561,LP002813,19484,0.0,600.0,360.0,1.0,Y,0,1,1,0,1,1
562,LP002820,5923,2054.0,211.0,360.0,1.0,Y,1,1,0,0,0,0
563,LP002821,5800,0.0,132.0,360.0,1.0,Y,1,0,0,1,1,1
564,LP002832,8799,0.0,258.0,360.0,0.0,N,1,1,2,0,0,2
565,LP002833,4467,0.0,120.0,360.0,0.8421985815602837,Y,1,1,0,1,0,0
566,LP002836,3333,0.0,70.0,360.0,1.0,Y,1,0,0,0,0,2
567,LP002837,3400,2500.0,123.0,360.0,0.0,N,1,1,3,0,0,0
568,LP002840,2378,0.0,9.0,360.0,1.0,N,0,0,0,0,0,2
569,LP002841,3166,2064.0,104.0,360.0,0.0,N,1,1,0,0,0,2
570,LP002842,3417,1750.0,186.0,360.0,1.0,Y,1,1,1,0,0,2
571,LP002847,5116,1451.0,165.0,360.0,0.0,N,1,1,0,0,0,2
572,LP002855,16666,0.0,275.0,360.0,1.0,Y,1,1,2,0,0,2
573,LP002862,6125,1625.0,187.0,480.0,1.0,N,1,1,2,1,0,1
574,LP002863,6406,0.0,150.0,360.0,1.0,N,1,1,3,0,0,1
575,LP002868,3159,461.0,108.0,84.0,1.0,Y,1,1,2,0,0,2
576,LP002872,3087,2210.0,136.0,360.0,0.0,N,1,1,0,0,0,1
577,LP002874,3229,2739.0,110.0,360.0,1.0,Y,1,0,0,0,0,2
578,LP002877,1782,2232.0,107.0,360.0,1.0,Y,1,1,1,0,0,0
579,LP002888,3182,2917.0,161.0,360.0,1.0,Y,1,0,0,0,0,2
580,LP002892,6540,0.0,205.0,360.0,1.0,Y,1,1,2,0,0,1
581,LP002893,1836,33837.0,90.0,360.0,1.0,N,1,0,0,0,0,2
582,LP002894,3166,0.0,36.0,360.0,1.0,Y,0,1,0,0,0,1
583,LP002898,1880,0.0,61.0,360.0,0.8421985815602837,N,1,1,1,0,0,0
584,LP002911,2787,1917.0,146.0,360.0,0.0,N,1,1,1,0,0,0
585,LP002912,4283,3000.0,172.0,84.0,1.0,N,1,1,1,0,0,0
586,LP002916,2297,1522.0,104.0,360.0,1.0,Y,1,1,0,0,0,2
587,LP002917,2165,0.0,70.0,360.0,1.0,Y,0,0,0,1,0,1
588,LP002925,4750,0.0,94.0,360.0,1.0,Y,1,0,0,0,0,1
589,LP002926,2726,0.0,106.0,360.0,0.0,N,1,1,2,0,1,1
590,LP002928,3000,3416.0,56.0,180.0,1.0,Y,1,1,0,0,0,1
591,LP002931,6000,0.0,205.0,240.0,1.0,N,1,1,2,0,1,1
592,LP002933,9357,0.0,292.0,360.0,1.0,Y,1,0,3,0,1,1
593,LP002936,3859,3300.0,142.0,180.0,1.0,Y,1,1,0,0,0,0
594,LP002938,16120,0.0,260.0,360.0,1.0,Y,1,1,0,0,1,2
595,LP002940,3833,0.0,110.0,360.0,1.0,Y,1,0,0,1,0,0
596,LP002941,6383,1000.0,187.0,360.0,1.0,N,1,1,2,1,1,0
597,LP002943,2987,0.0,88.0,360.0,0.0,N,1,0,0,0,0,1
598,LP002945,9963,0.0,180.0,360.0,1.0,Y,1,1,0,0,1,0
599,LP002948,5780,0.0,192.0,360.0,1.0,Y,1,1,2,0,0,2
600,LP002949,416,41667.0,350.0,180.0,0.8421985815602837,N,0,0,3,0,0,2
601,LP002950,2894,2792.0,155.0,360.0,1.0,Y,1,1,0,1,0,0
602,LP002953,5703,0.0,128.0,360.0,1.0,Y,1,1,3,0,0,2
603,LP002958,3676,4301.0,172.0,360.0,1.0,Y,1,0,0,0,0,0
604,LP002959,12000,0.0,496.0,360.0,1.0,Y,0,1,1,0,0,1
605,LP002960,2400,3800.0,146.41216216216216,180.0,1.0,N,1,1,0,1,0,2
606,LP002961,3400,2500.0,173.0,360.0,1.0,Y,1,1,1,0,0,1
607,LP002964,3987,1411.0,157.0,360.0,1.0,Y,1,1,2,1,0,0
608,LP002974,3232,1950.0,108.0,360.0,1.0,Y,1,1,0,0,0,0
609,LP002978,2900,0.0,71.0,360.0,1.0,Y,0,0,0,0,0,0
610,LP002979,4106,0.0,40.0,180.0,1.0,Y,1,1,3,0,0,0
611,LP002983,8072,240.0,253.0,360.0,1.0,Y,1,1,1,0,0,2
612,LP002984,7583,0.0,187.0,360.0,1.0,Y,1,1,2,0,0,2
613,LP002990,4583,0.0,133.0,360.0,0.0,N,0,0,0,0,1,1
